study_id,participant_id,json_file,cond
649d97ad420dbc20fe8b64a3,63d41183860131e49a85cfde,experiment_json_split_03.json,4
649d97ad420dbc20fe8b64a3,58635484a73baa00010db537,experiment_json_split_04.json,5
649d97ad420dbc20fe8b64a3,6287d1278f5285de4c237d50,experiment_json_split_01.json,2
649d97ad420dbc20fe8b64a3,5c1a4d7d1aea120001fdd685,experiment_json_split_04.json,5
649d97ad420dbc20fe8b64a3,5e07d174da6bad1342bafab2,experiment_json_split_04.json,5
649d97ad420dbc20fe8b64a3,60fd6618f9a377f54dcdf318,experiment_json_split_03.json,4
649d97ad420dbc20fe8b64a3,62cc1f77c32651ff9d35a471,experiment_json_split_02.json,3
649d97ad420dbc20fe8b64a3,60e45acbc927879ccc9637c4,experiment_json_split_02.json,3
649d97ad420dbc20fe8b64a3,63d591da4548249893329bc1,experiment_json_split_03.json,4
649d97ad420dbc20fe8b64a3,614fb78a1b669f5333f1b6be,experiment_json_split_04.json,5
649d97ad420dbc20fe8b64a3,55ea70c37480920010aa9982,experiment_json_split_02.json,3
649d97ad420dbc20fe8b64a3,5e07a0898dffa00ff1aaf60f,experiment_json_split_04.json,5
649d97ad420dbc20fe8b64a3,6352c60b4a9850783773f265,experiment_json_split_02.json,3
649d97ad420dbc20fe8b64a3,644f255ec4f58fe559261911,experiment_json_split_01.json,2
649d97ad420dbc20fe8b64a3,5dd72efa82569a6d38e06854,experiment_json_split_01.json,2
649d97ad420dbc20fe8b64a3,5a3bdd2c8d005a0001829f3e,experiment_json_split_00.json,1
649d97ad420dbc20fe8b64a3,63e529a9021b9a346d9a93c1,experiment_json_split_00.json,1
649d97ad420dbc20fe8b64a3,62b20c0065e9809e66d13fa5,experiment_json_split_03.json,4
649d97ad420dbc20fe8b64a3,5fb3d71c3144730009fe4a7b,experiment_json_split_02.json,3
649d97ad420dbc20fe8b64a3,5df416a57bf5722f9a501255,experiment_json_split_03.json,4
649d97ad420dbc20fe8b64a3,5d0e2c03c04e1e001a54089f,experiment_json_split_01.json,2
649d97ad420dbc20fe8b64a3,5ed543442db0060a955d12e1,experiment_json_split_04.json,5
649d97ad420dbc20fe8b64a3,5c19fd69e567460001839e98,experiment_json_split_04.json,5
649d97ad420dbc20fe8b64a3,599467b55f49420001cafa81,experiment_json_split_02.json,3
649d97ad420dbc20fe8b64a3,5671927473f58b000d664293,experiment_json_split_02.json,3
649d97ad420dbc20fe8b64a3,5dd4c2f2390fb648f7baf4d2,experiment_json_split_01.json,2
649d97ad420dbc20fe8b64a3,5ed3055d98e33f182062933b,experiment_json_split_00.json,1
649d97ad420dbc20fe8b64a3,63f5c99a1cecb4136b93f7db,experiment_json_split_03.json,4
649d97ad420dbc20fe8b64a3,60c3ba02dfcf64dbe7ae0396,experiment_json_split_00.json,1
649d97ad420dbc20fe8b64a3,63dd3dd2593c92be97d8dbde,experiment_json_split_03.json,4
649d97ad420dbc20fe8b64a3,5dc8db55d210e463580cf6f5,experiment_json_split_03.json,4
649d97ad420dbc20fe8b64a3,5d453e8723a5bb0001492546,experiment_json_split_02.json,3
649d97ad420dbc20fe8b64a3,6340d2fa46f2d707e146b63b,experiment_json_split_01.json,2
649d97ad420dbc20fe8b64a3,642e16d9dcaa8e29a3de62a3,experiment_json_split_01.json,2
649d97ad420dbc20fe8b64a3,5feb65120b1a44738e27ae4f,experiment_json_split_00.json,1
649d97ad420dbc20fe8b64a3,5bab925733ff970001e34e1e,experiment_json_split_02.json,3
649d97ad420dbc20fe8b64a3,5a8b1ee2000dab00018cc7cd,experiment_json_split_00.json,1
649d97ad420dbc20fe8b64a3,60628138bcaf1a1ee218738e,experiment_json_split_00.json,1
649d97ad420dbc20fe8b64a3,5dbf11701429823ba384bd3c,experiment_json_split_01.json,2
649d97ad420dbc20fe8b64a3,60ea12bd302e3b17f3def6a0,experiment_json_split_00.json,1
649d97ad420dbc20fe8b64a3,5dd321de568ca5331021fb2b,experiment_json_split_02.json,3
649d97ad420dbc20fe8b64a3,5e1f8fbfb202032c463f3e06,experiment_json_split_04.json,5
649d97ad420dbc20fe8b64a3,610898813e48dc2864965122,experiment_json_split_03.json,4
649d97ad420dbc20fe8b64a3,5f6e2f793c9b1032dbe72def,experiment_json_split_04.json,5
649d97ad420dbc20fe8b64a3,64601d5bf3f4d849a794097c,experiment_json_split_04.json,5
649d97ad420dbc20fe8b64a3,59d9d9cd8fd07a0001842484,experiment_json_split_03.json,4
649d97ad420dbc20fe8b64a3,6132542039ead71f30971bd6,experiment_json_split_04.json,5
649d97ad420dbc20fe8b64a3,5e24fbd4e1f467771c234e5f,experiment_json_split_01.json,2
649d97ad420dbc20fe8b64a3,5fee99daeae54318b087e9b5,experiment_json_split_00.json,1
649d97ad420dbc20fe8b64a3,5e38e79295ff561112eae457,experiment_json_split_03.json,4
649d97ad420dbc20fe8b64a3,5a348ea750833c0001ee9550,experiment_json_split_02.json,3
649d97ad420dbc20fe8b64a3,55acf681fdf99b3d5b2ab68c,experiment_json_split_04.json,5
649d97ad420dbc20fe8b64a3,5d1d3f10d5669200017b4e46,experiment_json_split_02.json,3
649d97ad420dbc20fe8b64a3,64136da866ff27f7bf98cfe0,experiment_json_split_01.json,2
649d97ad420dbc20fe8b64a3,614e7ad7ff5a0d785d5e550a,experiment_json_split_01.json,2
649d97ad420dbc20fe8b64a3,641724c665e2974bb1dec659,experiment_json_split_01.json,2
649d97ad420dbc20fe8b64a3,5fe112243ce806b5704eca6e,experiment_json_split_02.json,3
649d97ad420dbc20fe8b64a3,5a973b8235237b0001127686,experiment_json_split_02.json,3
649d97ad420dbc20fe8b64a3,5b50881a59119400018abaf3,experiment_json_split_00.json,1
649d97ad420dbc20fe8b64a3,61366a0250ad37452b08b9a3,experiment_json_split_00.json,1
649d97ad420dbc20fe8b64a3,5bbf523d83f9790001ce549a,experiment_json_split_04.json,5
649d97ad420dbc20fe8b64a3,61041a3b4159985f5294a436,experiment_json_split_00.json,1
649d97ad420dbc20fe8b64a3,599b410ab5566b0001aa86db,experiment_json_split_04.json,5
649d97ad420dbc20fe8b64a3,590208c89571f50001c666e3,experiment_json_split_01.json,2
649d97ad420dbc20fe8b64a3,6174b049932ee98236563b51,experiment_json_split_00.json,1
649d97ad420dbc20fe8b64a3,60d3990d793d0ee075314af2,experiment_json_split_02.json,3
649d97ad420dbc20fe8b64a3,5cf551508926360018a5e9ff,experiment_json_split_03.json,4
649d97ad420dbc20fe8b64a3,5fdfb7d6e1442280fc095a66,experiment_json_split_03.json,4
649d97ad420dbc20fe8b64a3,610e0262b1776bf207a37158,experiment_json_split_01.json,2
649d97ad420dbc20fe8b64a3,582c71a66ef28c00019a1068,experiment_json_split_04.json,5
649d97ad420dbc20fe8b64a3,641386b1cb9a9c1e3569d4ee,experiment_json_split_01.json,2
649d97ad420dbc20fe8b64a3,5e872f5b3a32c337ba65aa68,experiment_json_split_00.json,1
649d97ad420dbc20fe8b64a3,5d378df21acda30001e7191e,experiment_json_split_04.json,5
649d97ad420dbc20fe8b64a3,5ed3fdbdb6ee6f39f590e455,experiment_json_split_01.json,2
649d97ad420dbc20fe8b64a3,610357fb634fab7807e782e3,experiment_json_split_01.json,2
649d97ad420dbc20fe8b64a3,6444b1e677ebe8b4e2c23abd,experiment_json_split_00.json,1
649d97ad420dbc20fe8b64a3,595727bd7c76640001aa8f6e,experiment_json_split_03.json,4
649d97ad420dbc20fe8b64a3,594a969df0ea1b0001558178,experiment_json_split_00.json,1
649d97ad420dbc20fe8b64a3,64401360c45f52531fde4aa6,experiment_json_split_00.json,1
649d97ad420dbc20fe8b64a3,5dc483cf74939e34e55c3619,experiment_json_split_03.json,4
649d97ad420dbc20fe8b64a3,60906c79f8cfd718d6dcb3df,experiment_json_split_01.json,2
649d97ad420dbc20fe8b64a3,5ea1dc309315030c68262aa3,experiment_json_split_03.json,4
649d97ad420dbc20fe8b64a3,5c2ab2de9136140001b90737,experiment_json_split_04.json,5
649d97ad420dbc20fe8b64a3,61676f87dba8a19bc29edf39,experiment_json_split_00.json,1
649d97ad420dbc20fe8b64a3,5fd7782dee03dc08d3f3f491,experiment_json_split_01.json,2
649d97ad420dbc20fe8b64a3,5e29dc4721a5f20481c70274,experiment_json_split_04.json,5
649d97ad420dbc20fe8b64a3,5fc7a6aaa7646c0009521161,experiment_json_split_03.json,4
649d97ad420dbc20fe8b64a3,5f49f3262a3d07563d14a7f1,experiment_json_split_04.json,5
649d97ad420dbc20fe8b64a3,5da88a6037d42100144928bd,experiment_json_split_03.json,4
649d97ad420dbc20fe8b64a3,633f46f05bc4c6198322424a,experiment_json_split_03.json,4
649d97ad420dbc20fe8b64a3,56efdf27bb24eb000b8244da,experiment_json_split_01.json,2
649d97ad420dbc20fe8b64a3,62976e7114308ee7c69d10ae,experiment_json_split_02.json,3
649d97ad420dbc20fe8b64a3,5e8cf43fbf65bf0bdfe15296,experiment_json_split_04.json,5
649d97ad420dbc20fe8b64a3,5a5e94a7eedc32000142cd08,experiment_json_split_03.json,4
649d97ad420dbc20fe8b64a3,640da58d1ce7d6bee643de7b,experiment_json_split_00.json,1
649d97ad420dbc20fe8b64a3,63ebd1cd6715f8cbe3405c82,experiment_json_split_00.json,1
649d97ad420dbc20fe8b64a3,63474e67a5fd298c6103c409,experiment_json_split_00.json,1
649d97ad420dbc20fe8b64a3,63d42902a85ae3e7b4920266,experiment_json_split_02.json,3
649d97ad420dbc20fe8b64a3,62ba10d2cd9577af0d8744bb,experiment_json_split_04.json,5
649d97ad420dbc20fe8b64a3,5b72d3f8afce7600019fe275,experiment_json_split_02.json,3
649d97ad420dbc20fe8b64a3,55a43278fdf99b02ff6caf89,experiment_json_split_02.json,3
649d97ad420dbc20fe8b64a3,6383a41fef138f9475030bea,experiment_json_split_01.json,2
649d97ad420dbc20fe8b64a3,615bb35e52d50aa9a2ae6747,experiment_json_split_04.json,5
649d97ad420dbc20fe8b64a3,633c74ad6178784ed5b52104,experiment_json_split_03.json,4
649d97ad420dbc20fe8b64a3,63e5517cd738b83025348a43,experiment_json_split_01.json,2
649d97ad420dbc20fe8b64a3,630cc9747cb664e8a03c29f0,experiment_json_split_03.json,4
649d97ad420dbc20fe8b64a3,5d6141608a11df001a477fbe,experiment_json_split_02.json,3
649d97ad420dbc20fe8b64a3,646b776eca37542a899c1de5,experiment_json_split_02.json,3
