model_index,model_name,model_human_corr,beta_acc_15_30_45_60_75,model_base_model_name,model_layer_name,model_contourtraining_diet,model_contourtraining_finetune
0,human,0.7856633080741112,[0.93651748 0.85423368 0.64784427 0.49536891 0.45855336],human,human,human,human
1,../model_weights/contour_model_weights/alexnet_regimagenet_categ_finetune_narrow_classifier_0/model_alexnet-pytorch-regim-categ_layer_classifier-0_mode_finetune_beta_020.pt,0.7460789060229635,[0.9875 0.94   0.7    0.515  0.48  ],alexnet-pytorch_regim_categ,classifier.0,20,True
2,../model_weights/contour_model_weights/alexnet_regimagenet_categ_finetune_narrow_classifier_0/model_alexnet-pytorch-regim-categ_layer_classifier-0_mode_finetune_beta_028.pt,0.731283040656163,[0.975  0.9725 0.885  0.585  0.5025],alexnet-pytorch_regim_categ,classifier.0,28,True
3,../model_weights/contour_model_weights/alexnet_regimagenet_categ_finetune_narrow_classifier_0/model_alexnet-pytorch-regim-categ_layer_classifier-0_mode_finetune_beta_022.pt,0.7475892516759616,[0.985  0.95   0.73   0.5125 0.485 ],alexnet-pytorch_regim_categ,classifier.0,22,True
4,../model_weights/contour_model_weights/alexnet_regimagenet_categ_finetune_narrow_classifier_0/model_alexnet-pytorch-regim-categ_layer_classifier-0_mode_finetune_beta_010.pt,0.6702327201770764,[0.975  0.725  0.5075 0.495  0.5   ],alexnet-pytorch_regim_categ,classifier.0,10,True
5,../model_weights/contour_model_weights/alexnet_regimagenet_categ_finetune_narrow_classifier_0/model_alexnet-pytorch-regim-categ_layer_classifier-0_mode_finetune_beta_090.pt,-0.3826554715649517,[0.49   0.4975 0.48   0.5225 0.7975],alexnet-pytorch_regim_categ,classifier.0,90,True
6,../model_weights/contour_model_weights/alexnet_regimagenet_categ_finetune_narrow_classifier_0/model_alexnet-pytorch-regim-categ_layer_classifier-0_mode_finetune_beta_045.pt,0.02721332456162596,[0.7075 0.925  0.98   0.9525 0.625 ],alexnet-pytorch_regim_categ,classifier.0,45,True
7,../model_weights/contour_model_weights/alexnet_regimagenet_categ_finetune_narrow_classifier_0/model_alexnet-pytorch-regim-categ_layer_classifier-0_mode_finetune_beta_030.pt,0.6865297947784071,[0.9725 0.9725 0.9275 0.6575 0.515 ],alexnet-pytorch_regim_categ,classifier.0,30,True
8,../model_weights/contour_model_weights/alexnet_regimagenet_categ_finetune_narrow_classifier_0/model_alexnet-pytorch-regim-categ_layer_classifier-0_mode_finetune_beta_075.pt,-0.6251842811734949,[0.4825 0.5025 0.6375 0.905  0.9475],alexnet-pytorch_regim_categ,classifier.0,75,True
9,../model_weights/contour_model_weights/alexnet_regimagenet_categ_finetune_narrow_classifier_0/model_alexnet-pytorch-regim-categ_layer_classifier-0_mode_finetune_beta_018.pt,0.7243561593567202,[0.99   0.905  0.625  0.4925 0.495 ],alexnet-pytorch_regim_categ,classifier.0,18,True
10,../model_weights/contour_model_weights/alexnet_regimagenet_categ_finetune_narrow_classifier_0/model_alexnet-pytorch-regim-categ_layer_classifier-0_mode_finetune_beta_006.pt,0.6456804913696699,[0.9525 0.62   0.5    0.5    0.4975],alexnet-pytorch_regim_categ,classifier.0,6,True
11,../model_weights/contour_model_weights/alexnet_regimagenet_categ_finetune_narrow_classifier_0/model_alexnet-pytorch-regim-categ_layer_classifier-0_mode_finetune_beta_000.pt,0.5845958637089305,[0.905  0.5475 0.5    0.5    0.4975],alexnet-pytorch_regim_categ,classifier.0,0,True
12,../model_weights/contour_model_weights/alexnet_regimagenet_categ_finetune_narrow_classifier_0/model_alexnet-pytorch-regim-categ_layer_classifier-0_mode_finetune_beta_060.pt,-0.5288322009669294,[0.4875 0.6025 0.935  0.9825 0.885 ],alexnet-pytorch_regim_categ,classifier.0,60,True
13,../model_weights/contour_model_weights/alexnet_regimagenet_categ_finetune_narrow_classifier_0/model_alexnet-pytorch-regim-categ_layer_classifier-0_mode_finetune_beta_008.pt,0.6506099722523541,[0.96  0.65  0.505 0.5   0.5  ],alexnet-pytorch_regim_categ,classifier.0,8,True
14,../model_weights/contour_model_weights/alexnet_regimagenet_categ_finetune_narrow_classifier_0/model_alexnet-pytorch-regim-categ_layer_classifier-0_mode_finetune_beta_014.pt,0.7069411846766167,[0.99   0.845  0.5525 0.5    0.4925],alexnet-pytorch_regim_categ,classifier.0,14,True
15,../model_weights/contour_model_weights/alexnet_regimagenet_categ_finetune_narrow_classifier_0/model_alexnet-pytorch-regim-categ_layer_classifier-0_mode_finetune_beta_012.pt,0.6828864731799495,[0.9825 0.7625 0.5125 0.495  0.495 ],alexnet-pytorch_regim_categ,classifier.0,12,True
16,../model_weights/contour_model_weights/alexnet_regimagenet_categ_finetune_narrow_classifier_0/model_alexnet-pytorch-regim-categ_layer_classifier-0_mode_finetune_beta_016.pt,0.7078889877142115,[0.975  0.8825 0.595  0.505  0.485 ],alexnet-pytorch_regim_categ,classifier.0,16,True
17,../model_weights/contour_model_weights/alexnet_regimagenet_categ_finetune_narrow_classifier_0/model_alexnet-pytorch-regim-categ_layer_classifier-0_mode_finetune_beta_015.pt,0.7067213206133851,[0.9875 0.8625 0.575  0.5025 0.4925],alexnet-pytorch_regim_categ,classifier.0,15,True
18,../model_weights/contour_model_weights/alexnet_regimagenet_categ_finetune_narrow_classifier_0/model_alexnet-pytorch-regim-categ_layer_classifier-0_mode_finetune_beta_004.pt,0.6109657687150085,[0.925  0.56   0.5025 0.495  0.495 ],alexnet-pytorch_regim_categ,classifier.0,4,True
19,../model_weights/contour_model_weights/alexnet_regimagenet_categ_finetune_narrow_classifier_0/model_alexnet-pytorch-regim-categ_layer_classifier-0_mode_finetune_beta_024.pt,0.7362976863981299,[0.9875 0.955  0.8175 0.5375 0.48  ],alexnet-pytorch_regim_categ,classifier.0,24,True
20,../model_weights/contour_model_weights/alexnet_regimagenet_categ_finetune_narrow_classifier_0/model_alexnet-pytorch-regim-categ_layer_classifier-0_mode_finetune_beta_026.pt,0.7378183686208208,[0.9725 0.955  0.8675 0.57   0.49  ],alexnet-pytorch_regim_categ,classifier.0,26,True
21,../model_weights/contour_model_weights/alexnet_regimagenet_categ_finetune_narrow_classifier_0/model_alexnet-pytorch-regim-categ_layer_classifier-0_mode_finetune_beta_002.pt,0.6029973960395945,[0.895  0.5525 0.5    0.4975 0.4975],alexnet-pytorch_regim_categ,classifier.0,2,True
22,../model_weights/contour_model_weights/alexnet_regimagenet_categ_finetune_narrow_classifier_1/model_alexnet-pytorch-regim-categ_layer_classifier-1_mode_finetune_beta_015.pt,0.7080371000387687,[0.9825 0.855  0.56   0.495  0.5025],alexnet-pytorch_regim_categ,classifier.1,15,True
23,../model_weights/contour_model_weights/alexnet_regimagenet_categ_finetune_narrow_classifier_1/model_alexnet-pytorch-regim-categ_layer_classifier-1_mode_finetune_beta_006.pt,0.6185746473004936,[0.9375 0.5825 0.5025 0.495  0.495 ],alexnet-pytorch_regim_categ,classifier.1,6,True
24,../model_weights/contour_model_weights/alexnet_regimagenet_categ_finetune_narrow_classifier_1/model_alexnet-pytorch-regim-categ_layer_classifier-1_mode_finetune_beta_016.pt,0.7070459059829045,[0.9775 0.885  0.5975 0.51   0.485 ],alexnet-pytorch_regim_categ,classifier.1,16,True
25,../model_weights/contour_model_weights/alexnet_regimagenet_categ_finetune_narrow_classifier_1/model_alexnet-pytorch-regim-categ_layer_classifier-1_mode_finetune_beta_004.pt,0.6024484617140172,[0.9275 0.5675 0.5025 0.495  0.495 ],alexnet-pytorch_regim_categ,classifier.1,4,True
26,../model_weights/contour_model_weights/alexnet_regimagenet_categ_finetune_narrow_classifier_1/model_alexnet-pytorch-regim-categ_layer_classifier-1_mode_finetune_beta_014.pt,0.7056102759439153,[0.9875 0.8725 0.5625 0.5025 0.485 ],alexnet-pytorch_regim_categ,classifier.1,14,True
27,../model_weights/contour_model_weights/alexnet_regimagenet_categ_finetune_narrow_classifier_1/model_alexnet-pytorch-regim-categ_layer_classifier-1_mode_finetune_beta_090.pt,-0.366216195123589,[0.4925 0.495  0.4825 0.5175 0.7975],alexnet-pytorch_regim_categ,classifier.1,90,True
28,../model_weights/contour_model_weights/alexnet_regimagenet_categ_finetune_narrow_classifier_1/model_alexnet-pytorch-regim-categ_layer_classifier-1_mode_finetune_beta_026.pt,0.7449269843738,[0.975 0.975 0.87  0.57  0.48 ],alexnet-pytorch_regim_categ,classifier.1,26,True
29,../model_weights/contour_model_weights/alexnet_regimagenet_categ_finetune_narrow_classifier_1/model_alexnet-pytorch-regim-categ_layer_classifier-1_mode_finetune_beta_060.pt,-0.5082602264481767,[0.4825 0.605  0.9275 0.9775 0.8875],alexnet-pytorch_regim_categ,classifier.1,60,True
30,../model_weights/contour_model_weights/alexnet_regimagenet_categ_finetune_narrow_classifier_1/model_alexnet-pytorch-regim-categ_layer_classifier-1_mode_finetune_beta_020.pt,0.7461856662841285,[0.9875 0.94   0.705  0.515  0.4775],alexnet-pytorch_regim_categ,classifier.1,20,True
31,../model_weights/contour_model_weights/alexnet_regimagenet_categ_finetune_narrow_classifier_1/model_alexnet-pytorch-regim-categ_layer_classifier-1_mode_finetune_beta_002.pt,0.6068339876403704,[0.9    0.5575 0.5025 0.495  0.4975],alexnet-pytorch_regim_categ,classifier.1,2,True
32,../model_weights/contour_model_weights/alexnet_regimagenet_categ_finetune_narrow_classifier_1/model_alexnet-pytorch-regim-categ_layer_classifier-1_mode_finetune_beta_030.pt,0.704415379145704,[0.9675 0.9625 0.925  0.645  0.5175],alexnet-pytorch_regim_categ,classifier.1,30,True
33,../model_weights/contour_model_weights/alexnet_regimagenet_categ_finetune_narrow_classifier_1/model_alexnet-pytorch-regim-categ_layer_classifier-1_mode_finetune_beta_000.pt,0.5876409685549465,[0.8875 0.5425 0.5    0.4975 0.5   ],alexnet-pytorch_regim_categ,classifier.1,0,True
34,../model_weights/contour_model_weights/alexnet_regimagenet_categ_finetune_narrow_classifier_1/model_alexnet-pytorch-regim-categ_layer_classifier-1_mode_finetune_beta_018.pt,0.7439578613394058,[0.985  0.91   0.615  0.4925 0.4875],alexnet-pytorch_regim_categ,classifier.1,18,True
35,../model_weights/contour_model_weights/alexnet_regimagenet_categ_finetune_narrow_classifier_1/model_alexnet-pytorch-regim-categ_layer_classifier-1_mode_finetune_beta_024.pt,0.7405722741451432,[0.9825 0.96   0.7975 0.5075 0.48  ],alexnet-pytorch_regim_categ,classifier.1,24,True
36,../model_weights/contour_model_weights/alexnet_regimagenet_categ_finetune_narrow_classifier_1/model_alexnet-pytorch-regim-categ_layer_classifier-1_mode_finetune_beta_022.pt,0.7532363818658481,[0.9775 0.9525 0.77   0.505  0.4825],alexnet-pytorch_regim_categ,classifier.1,22,True
37,../model_weights/contour_model_weights/alexnet_regimagenet_categ_finetune_narrow_classifier_1/model_alexnet-pytorch-regim-categ_layer_classifier-1_mode_finetune_beta_010.pt,0.6571113521090443,[0.97   0.7275 0.5025 0.495  0.495 ],alexnet-pytorch_regim_categ,classifier.1,10,True
38,../model_weights/contour_model_weights/alexnet_regimagenet_categ_finetune_narrow_classifier_1/model_alexnet-pytorch-regim-categ_layer_classifier-1_mode_finetune_beta_008.pt,0.6346017938400913,[0.955  0.6625 0.5025 0.4975 0.5   ],alexnet-pytorch_regim_categ,classifier.1,8,True
39,../model_weights/contour_model_weights/alexnet_regimagenet_categ_finetune_narrow_classifier_1/model_alexnet-pytorch-regim-categ_layer_classifier-1_mode_finetune_beta_028.pt,0.7353031407692984,[0.97   0.97   0.8775 0.6025 0.5   ],alexnet-pytorch_regim_categ,classifier.1,28,True
40,../model_weights/contour_model_weights/alexnet_regimagenet_categ_finetune_narrow_classifier_1/model_alexnet-pytorch-regim-categ_layer_classifier-1_mode_finetune_beta_045.pt,0.0016328643620463176,[0.6775 0.93   0.975  0.9475 0.6025],alexnet-pytorch_regim_categ,classifier.1,45,True
41,../model_weights/contour_model_weights/alexnet_regimagenet_categ_finetune_narrow_classifier_1/model_alexnet-pytorch-regim-categ_layer_classifier-1_mode_finetune_beta_075.pt,-0.5841682748232677,[0.4875 0.5    0.6125 0.925  0.9475],alexnet-pytorch_regim_categ,classifier.1,75,True
42,../model_weights/contour_model_weights/alexnet_regimagenet_categ_finetune_narrow_classifier_1/model_alexnet-pytorch-regim-categ_layer_classifier-1_mode_finetune_beta_012.pt,0.6910777727084043,[0.9825 0.75   0.515  0.495  0.5025],alexnet-pytorch_regim_categ,classifier.1,12,True
43,../model_weights/contour_model_weights/alexnet_regimagenet_categ_finetune_narrow_classifier_2/model_alexnet-pytorch-regim-categ_layer_classifier-2_mode_finetune_beta_045.pt,0.024008704524913084,[0.6975 0.93   0.98   0.9425 0.6075],alexnet-pytorch_regim_categ,classifier.2,45,True
44,../model_weights/contour_model_weights/alexnet_regimagenet_categ_finetune_narrow_classifier_2/model_alexnet-pytorch-regim-categ_layer_classifier-2_mode_finetune_beta_018.pt,0.7527747662938058,[0.9825 0.9175 0.6225 0.495  0.4775],alexnet-pytorch_regim_categ,classifier.2,18,True
45,../model_weights/contour_model_weights/alexnet_regimagenet_categ_finetune_narrow_classifier_2/model_alexnet-pytorch-regim-categ_layer_classifier-2_mode_finetune_beta_006.pt,0.6519272022796424,[0.9525 0.6    0.5    0.5    0.5   ],alexnet-pytorch_regim_categ,classifier.2,6,True
46,../model_weights/contour_model_weights/alexnet_regimagenet_categ_finetune_narrow_classifier_2/model_alexnet-pytorch-regim-categ_layer_classifier-2_mode_finetune_beta_030.pt,0.717624555000691,[0.9575 0.965  0.925  0.6525 0.5075],alexnet-pytorch_regim_categ,classifier.2,30,True
47,../model_weights/contour_model_weights/alexnet_regimagenet_categ_finetune_narrow_classifier_2/model_alexnet-pytorch-regim-categ_layer_classifier-2_mode_finetune_beta_015.pt,0.7282820526583896,[0.985  0.86   0.5775 0.495  0.495 ],alexnet-pytorch_regim_categ,classifier.2,15,True
48,../model_weights/contour_model_weights/alexnet_regimagenet_categ_finetune_narrow_classifier_2/model_alexnet-pytorch-regim-categ_layer_classifier-2_mode_finetune_beta_024.pt,0.7735735208034884,[0.9725 0.9625 0.82   0.5175 0.4775],alexnet-pytorch_regim_categ,classifier.2,24,True
49,../model_weights/contour_model_weights/alexnet_regimagenet_categ_finetune_narrow_classifier_2/model_alexnet-pytorch-regim-categ_layer_classifier-2_mode_finetune_beta_075.pt,-0.6375908703559671,[0.4925 0.495  0.6175 0.9075 0.95  ],alexnet-pytorch_regim_categ,classifier.2,75,True
50,../model_weights/contour_model_weights/alexnet_regimagenet_categ_finetune_narrow_classifier_2/model_alexnet-pytorch-regim-categ_layer_classifier-2_mode_finetune_beta_000.pt,0.6104424597267706,[0.88   0.5525 0.5    0.4975 0.4975],alexnet-pytorch_regim_categ,classifier.2,0,True
51,../model_weights/contour_model_weights/alexnet_regimagenet_categ_finetune_narrow_classifier_2/model_alexnet-pytorch-regim-categ_layer_classifier-2_mode_finetune_beta_022.pt,0.7692337480873621,[0.97  0.955 0.755 0.495 0.495],alexnet-pytorch_regim_categ,classifier.2,22,True
52,../model_weights/contour_model_weights/alexnet_regimagenet_categ_finetune_narrow_classifier_2/model_alexnet-pytorch-regim-categ_layer_classifier-2_mode_finetune_beta_014.pt,0.7234302356283814,[0.9875 0.8425 0.5425 0.495  0.49  ],alexnet-pytorch_regim_categ,classifier.2,14,True
53,../model_weights/contour_model_weights/alexnet_regimagenet_categ_finetune_narrow_classifier_2/model_alexnet-pytorch-regim-categ_layer_classifier-2_mode_finetune_beta_008.pt,0.6742998578779261,[0.9575 0.69   0.51   0.495  0.4975],alexnet-pytorch_regim_categ,classifier.2,8,True
54,../model_weights/contour_model_weights/alexnet_regimagenet_categ_finetune_narrow_classifier_2/model_alexnet-pytorch-regim-categ_layer_classifier-2_mode_finetune_beta_090.pt,-0.38317234523961874,[0.49  0.495 0.485 0.515 0.81 ],alexnet-pytorch_regim_categ,classifier.2,90,True
55,../model_weights/contour_model_weights/alexnet_regimagenet_categ_finetune_narrow_classifier_2/model_alexnet-pytorch-regim-categ_layer_classifier-2_mode_finetune_beta_026.pt,0.7553165689364808,[0.9675 0.9675 0.88   0.5925 0.505 ],alexnet-pytorch_regim_categ,classifier.2,26,True
56,../model_weights/contour_model_weights/alexnet_regimagenet_categ_finetune_narrow_classifier_2/model_alexnet-pytorch-regim-categ_layer_classifier-2_mode_finetune_beta_060.pt,-0.5416566896409558,[0.4925 0.6025 0.92   0.98   0.8625],alexnet-pytorch_regim_categ,classifier.2,60,True
57,../model_weights/contour_model_weights/alexnet_regimagenet_categ_finetune_narrow_classifier_2/model_alexnet-pytorch-regim-categ_layer_classifier-2_mode_finetune_beta_004.pt,0.5886878999841534,[0.93   0.545  0.5    0.5    0.4975],alexnet-pytorch_regim_categ,classifier.2,4,True
58,../model_weights/contour_model_weights/alexnet_regimagenet_categ_finetune_narrow_classifier_2/model_alexnet-pytorch-regim-categ_layer_classifier-2_mode_finetune_beta_010.pt,0.6895447176860394,[0.9675 0.7    0.4975 0.4975 0.4975],alexnet-pytorch_regim_categ,classifier.2,10,True
59,../model_weights/contour_model_weights/alexnet_regimagenet_categ_finetune_narrow_classifier_2/model_alexnet-pytorch-regim-categ_layer_classifier-2_mode_finetune_beta_028.pt,0.7458143680767255,[0.96   0.9775 0.8875 0.59   0.505 ],alexnet-pytorch_regim_categ,classifier.2,28,True
60,../model_weights/contour_model_weights/alexnet_regimagenet_categ_finetune_narrow_classifier_2/model_alexnet-pytorch-regim-categ_layer_classifier-2_mode_finetune_beta_020.pt,0.7627302536756978,[0.9825 0.9325 0.695  0.51   0.485 ],alexnet-pytorch_regim_categ,classifier.2,20,True
61,../model_weights/contour_model_weights/alexnet_regimagenet_categ_finetune_narrow_classifier_2/model_alexnet-pytorch-regim-categ_layer_classifier-2_mode_finetune_beta_002.pt,0.6336140885559365,[0.8925 0.5575 0.5025 0.4975 0.495 ],alexnet-pytorch_regim_categ,classifier.2,2,True
62,../model_weights/contour_model_weights/alexnet_regimagenet_categ_finetune_narrow_classifier_2/model_alexnet-pytorch-regim-categ_layer_classifier-2_mode_finetune_beta_016.pt,0.7326156244403201,[0.985  0.8825 0.59   0.5    0.49  ],alexnet-pytorch_regim_categ,classifier.2,16,True
63,../model_weights/contour_model_weights/alexnet_regimagenet_categ_finetune_narrow_classifier_2/model_alexnet-pytorch-regim-categ_layer_classifier-2_mode_finetune_beta_012.pt,0.6977975710914736,[0.98   0.785  0.51   0.5025 0.4875],alexnet-pytorch_regim_categ,classifier.2,12,True
64,../model_weights/contour_model_weights/alexnet_regimagenet_categ_finetune_narrow_classifier_3/model_alexnet-pytorch-regim-categ_layer_classifier-3_mode_finetune_beta_015.pt,0.7308233853958396,[0.99   0.8575 0.5675 0.5025 0.4925],alexnet-pytorch_regim_categ,classifier.3,15,True
65,../model_weights/contour_model_weights/alexnet_regimagenet_categ_finetune_narrow_classifier_3/model_alexnet-pytorch-regim-categ_layer_classifier-3_mode_finetune_beta_010.pt,0.6896914632440864,[0.9775 0.7125 0.51   0.4975 0.4975],alexnet-pytorch_regim_categ,classifier.3,10,True
66,../model_weights/contour_model_weights/alexnet_regimagenet_categ_finetune_narrow_classifier_3/model_alexnet-pytorch-regim-categ_layer_classifier-3_mode_finetune_beta_028.pt,0.7333398758189186,[0.975  0.98   0.9025 0.58   0.5   ],alexnet-pytorch_regim_categ,classifier.3,28,True
67,../model_weights/contour_model_weights/alexnet_regimagenet_categ_finetune_narrow_classifier_3/model_alexnet-pytorch-regim-categ_layer_classifier-3_mode_finetune_beta_022.pt,0.7568230587366443,[0.9825 0.935  0.735  0.5075 0.48  ],alexnet-pytorch_regim_categ,classifier.3,22,True
68,../model_weights/contour_model_weights/alexnet_regimagenet_categ_finetune_narrow_classifier_3/model_alexnet-pytorch-regim-categ_layer_classifier-3_mode_finetune_beta_000.pt,0.5849864584804241,[0.895  0.5375 0.5    0.4925 0.5   ],alexnet-pytorch_regim_categ,classifier.3,0,True
69,../model_weights/contour_model_weights/alexnet_regimagenet_categ_finetune_narrow_classifier_3/model_alexnet-pytorch-regim-categ_layer_classifier-3_mode_finetune_beta_024.pt,0.7632428730733113,[0.99   0.96   0.79   0.5175 0.505 ],alexnet-pytorch_regim_categ,classifier.3,24,True
70,../model_weights/contour_model_weights/alexnet_regimagenet_categ_finetune_narrow_classifier_3/model_alexnet-pytorch-regim-categ_layer_classifier-3_mode_finetune_beta_075.pt,-0.6210157352391755,[0.485  0.505  0.64   0.935  0.9475],alexnet-pytorch_regim_categ,classifier.3,75,True
71,../model_weights/contour_model_weights/alexnet_regimagenet_categ_finetune_narrow_classifier_3/model_alexnet-pytorch-regim-categ_layer_classifier-3_mode_finetune_beta_090.pt,-0.3593492619909836,[0.5025 0.495  0.4775 0.515  0.81  ],alexnet-pytorch_regim_categ,classifier.3,90,True
72,../model_weights/contour_model_weights/alexnet_regimagenet_categ_finetune_narrow_classifier_3/model_alexnet-pytorch-regim-categ_layer_classifier-3_mode_finetune_beta_020.pt,0.754831799125341,[0.98  0.935 0.7   0.51  0.495],alexnet-pytorch_regim_categ,classifier.3,20,True
73,../model_weights/contour_model_weights/alexnet_regimagenet_categ_finetune_narrow_classifier_3/model_alexnet-pytorch-regim-categ_layer_classifier-3_mode_finetune_beta_012.pt,0.6935897640593527,[0.9825 0.755  0.52   0.495  0.5   ],alexnet-pytorch_regim_categ,classifier.3,12,True
74,../model_weights/contour_model_weights/alexnet_regimagenet_categ_finetune_narrow_classifier_3/model_alexnet-pytorch-regim-categ_layer_classifier-3_mode_finetune_beta_016.pt,0.734634396280799,[0.9775 0.885  0.6    0.5075 0.4775],alexnet-pytorch_regim_categ,classifier.3,16,True
75,../model_weights/contour_model_weights/alexnet_regimagenet_categ_finetune_narrow_classifier_3/model_alexnet-pytorch-regim-categ_layer_classifier-3_mode_finetune_beta_030.pt,0.6894675846289208,[0.975 0.965 0.92  0.655 0.53 ],alexnet-pytorch_regim_categ,classifier.3,30,True
76,../model_weights/contour_model_weights/alexnet_regimagenet_categ_finetune_narrow_classifier_3/model_alexnet-pytorch-regim-categ_layer_classifier-3_mode_finetune_beta_026.pt,0.7375791377676005,[0.9775 0.9625 0.875  0.5625 0.495 ],alexnet-pytorch_regim_categ,classifier.3,26,True
77,../model_weights/contour_model_weights/alexnet_regimagenet_categ_finetune_narrow_classifier_3/model_alexnet-pytorch-regim-categ_layer_classifier-3_mode_finetune_beta_014.pt,0.7137423890918833,[0.9925 0.8225 0.555  0.4975 0.5   ],alexnet-pytorch_regim_categ,classifier.3,14,True
78,../model_weights/contour_model_weights/alexnet_regimagenet_categ_finetune_narrow_classifier_3/model_alexnet-pytorch-regim-categ_layer_classifier-3_mode_finetune_beta_006.pt,0.6518756347392328,[0.94   0.61   0.5075 0.4975 0.4975],alexnet-pytorch_regim_categ,classifier.3,6,True
79,../model_weights/contour_model_weights/alexnet_regimagenet_categ_finetune_narrow_classifier_3/model_alexnet-pytorch-regim-categ_layer_classifier-3_mode_finetune_beta_008.pt,0.6717101290016725,[0.9525 0.6775 0.5075 0.4975 0.505 ],alexnet-pytorch_regim_categ,classifier.3,8,True
80,../model_weights/contour_model_weights/alexnet_regimagenet_categ_finetune_narrow_classifier_3/model_alexnet-pytorch-regim-categ_layer_classifier-3_mode_finetune_beta_002.pt,0.6175058306074156,[0.9025 0.5625 0.5    0.5    0.4975],alexnet-pytorch_regim_categ,classifier.3,2,True
81,../model_weights/contour_model_weights/alexnet_regimagenet_categ_finetune_narrow_classifier_3/model_alexnet-pytorch-regim-categ_layer_classifier-3_mode_finetune_beta_018.pt,0.7498737523899144,[0.9875 0.9175 0.6375 0.5075 0.4825],alexnet-pytorch_regim_categ,classifier.3,18,True
82,../model_weights/contour_model_weights/alexnet_regimagenet_categ_finetune_narrow_classifier_3/model_alexnet-pytorch-regim-categ_layer_classifier-3_mode_finetune_beta_060.pt,-0.5399184425436315,[0.475  0.5975 0.9175 0.9875 0.9025],alexnet-pytorch_regim_categ,classifier.3,60,True
83,../model_weights/contour_model_weights/alexnet_regimagenet_categ_finetune_narrow_classifier_3/model_alexnet-pytorch-regim-categ_layer_classifier-3_mode_finetune_beta_045.pt,0.01298510248846539,[0.69   0.9475 0.97   0.945  0.62  ],alexnet-pytorch_regim_categ,classifier.3,45,True
84,../model_weights/contour_model_weights/alexnet_regimagenet_categ_finetune_narrow_classifier_3/model_alexnet-pytorch-regim-categ_layer_classifier-3_mode_finetune_beta_004.pt,0.6007076417722547,[0.9175 0.555  0.5    0.4975 0.495 ],alexnet-pytorch_regim_categ,classifier.3,4,True
85,../model_weights/contour_model_weights/alexnet_regimagenet_categ_finetune_narrow_classifier_4/model_alexnet-pytorch-regim-categ_layer_classifier-4_mode_finetune_beta_022.pt,0.749933333039979,[0.9875 0.9525 0.745  0.5075 0.4825],alexnet-pytorch_regim_categ,classifier.4,22,True
86,../model_weights/contour_model_weights/alexnet_regimagenet_categ_finetune_narrow_classifier_4/model_alexnet-pytorch-regim-categ_layer_classifier-4_mode_finetune_beta_015.pt,0.7147489423776702,[0.9875 0.8525 0.5525 0.4975 0.495 ],alexnet-pytorch_regim_categ,classifier.4,15,True
87,../model_weights/contour_model_weights/alexnet_regimagenet_categ_finetune_narrow_classifier_4/model_alexnet-pytorch-regim-categ_layer_classifier-4_mode_finetune_beta_024.pt,0.7636519329001713,[0.9875 0.955  0.795  0.525  0.485 ],alexnet-pytorch_regim_categ,classifier.4,24,True
88,../model_weights/contour_model_weights/alexnet_regimagenet_categ_finetune_narrow_classifier_4/model_alexnet-pytorch-regim-categ_layer_classifier-4_mode_finetune_beta_020.pt,0.7548332432374839,[0.985  0.9275 0.7125 0.5125 0.49  ],alexnet-pytorch_regim_categ,classifier.4,20,True
89,../model_weights/contour_model_weights/alexnet_regimagenet_categ_finetune_narrow_classifier_4/model_alexnet-pytorch-regim-categ_layer_classifier-4_mode_finetune_beta_075.pt,-0.015857056048696652,[0.5   0.48  0.505 0.5   0.49 ],alexnet-pytorch_regim_categ,classifier.4,75,True
90,../model_weights/contour_model_weights/alexnet_regimagenet_categ_finetune_narrow_classifier_4/model_alexnet-pytorch-regim-categ_layer_classifier-4_mode_finetune_beta_002.pt,0.562605590140458,[0.8975 0.5325 0.505  0.4975 0.495 ],alexnet-pytorch_regim_categ,classifier.4,2,True
91,../model_weights/contour_model_weights/alexnet_regimagenet_categ_finetune_narrow_classifier_4/model_alexnet-pytorch-regim-categ_layer_classifier-4_mode_finetune_beta_018.pt,0.7593588641733586,[0.9775 0.9075 0.63   0.505  0.485 ],alexnet-pytorch_regim_categ,classifier.4,18,True
92,../model_weights/contour_model_weights/alexnet_regimagenet_categ_finetune_narrow_classifier_4/model_alexnet-pytorch-regim-categ_layer_classifier-4_mode_finetune_beta_006.pt,0.624712182879771,[0.9425 0.59   0.5075 0.4925 0.4975],alexnet-pytorch_regim_categ,classifier.4,6,True
93,../model_weights/contour_model_weights/alexnet_regimagenet_categ_finetune_narrow_classifier_4/model_alexnet-pytorch-regim-categ_layer_classifier-4_mode_finetune_beta_028.pt,0.7419192091474925,[0.975  0.965  0.885  0.5975 0.4875],alexnet-pytorch_regim_categ,classifier.4,28,True
94,../model_weights/contour_model_weights/alexnet_regimagenet_categ_finetune_narrow_classifier_4/model_alexnet-pytorch-regim-categ_layer_classifier-4_mode_finetune_beta_016.pt,0.7189561773174541,[0.9825 0.885  0.6025 0.5025 0.4775],alexnet-pytorch_regim_categ,classifier.4,16,True
95,../model_weights/contour_model_weights/alexnet_regimagenet_categ_finetune_narrow_classifier_4/model_alexnet-pytorch-regim-categ_layer_classifier-4_mode_finetune_beta_008.pt,0.6617044429688824,[0.95   0.65   0.51   0.4925 0.495 ],alexnet-pytorch_regim_categ,classifier.4,8,True
96,../model_weights/contour_model_weights/alexnet_regimagenet_categ_finetune_narrow_classifier_4/model_alexnet-pytorch-regim-categ_layer_classifier-4_mode_finetune_beta_030.pt,0.7007563216304514,[0.97   0.9625 0.925  0.6675 0.5075],alexnet-pytorch_regim_categ,classifier.4,30,True
97,../model_weights/contour_model_weights/alexnet_regimagenet_categ_finetune_narrow_classifier_4/model_alexnet-pytorch-regim-categ_layer_classifier-4_mode_finetune_beta_000.pt,0.5932627531480558,[0.895 0.53  0.5   0.5   0.5  ],alexnet-pytorch_regim_categ,classifier.4,0,True
98,../model_weights/contour_model_weights/alexnet_regimagenet_categ_finetune_narrow_classifier_4/model_alexnet-pytorch-regim-categ_layer_classifier-4_mode_finetune_beta_014.pt,0.7083439446533039,[0.985  0.8475 0.5725 0.495  0.48  ],alexnet-pytorch_regim_categ,classifier.4,14,True
99,../model_weights/contour_model_weights/alexnet_regimagenet_categ_finetune_narrow_classifier_4/model_alexnet-pytorch-regim-categ_layer_classifier-4_mode_finetune_beta_026.pt,0.7510493671144088,[0.9775 0.97   0.8725 0.565  0.4975],alexnet-pytorch_regim_categ,classifier.4,26,True
100,../model_weights/contour_model_weights/alexnet_regimagenet_categ_finetune_narrow_classifier_4/model_alexnet-pytorch-regim-categ_layer_classifier-4_mode_finetune_beta_060.pt,-0.5226252867792189,[0.49   0.6025 0.9175 0.9675 0.895 ],alexnet-pytorch_regim_categ,classifier.4,60,True
101,../model_weights/contour_model_weights/alexnet_regimagenet_categ_finetune_narrow_classifier_4/model_alexnet-pytorch-regim-categ_layer_classifier-4_mode_finetune_beta_004.pt,0.609788202065691,[0.915  0.555  0.5025 0.4925 0.5   ],alexnet-pytorch_regim_categ,classifier.4,4,True
102,../model_weights/contour_model_weights/alexnet_regimagenet_categ_finetune_narrow_classifier_4/model_alexnet-pytorch-regim-categ_layer_classifier-4_mode_finetune_beta_010.pt,0.666125142843914,[0.9725 0.695  0.5025 0.4925 0.5   ],alexnet-pytorch_regim_categ,classifier.4,10,True
103,../model_weights/contour_model_weights/alexnet_regimagenet_categ_finetune_narrow_classifier_4/model_alexnet-pytorch-regim-categ_layer_classifier-4_mode_finetune_beta_045.pt,0.013016611795747346,[0.6975 0.935  0.9675 0.9575 0.63  ],alexnet-pytorch_regim_categ,classifier.4,45,True
104,../model_weights/contour_model_weights/alexnet_regimagenet_categ_finetune_narrow_classifier_4/model_alexnet-pytorch-regim-categ_layer_classifier-4_mode_finetune_beta_090.pt,-0.34055499618023954,[0.495 0.495 0.48  0.515 0.8  ],alexnet-pytorch_regim_categ,classifier.4,90,True
105,../model_weights/contour_model_weights/alexnet_regimagenet_categ_finetune_narrow_classifier_4/model_alexnet-pytorch-regim-categ_layer_classifier-4_mode_finetune_beta_012.pt,0.6806857165528036,[0.985  0.74   0.5125 0.495  0.4875],alexnet-pytorch_regim_categ,classifier.4,12,True
106,../model_weights/contour_model_weights/alexnet_regimagenet_categ_finetune_narrow_classifier_5/model_alexnet-pytorch-regim-categ_layer_classifier-5_mode_finetune_beta_012.pt,0.7148149511315193,[0.9775 0.755  0.5075 0.4975 0.4975],alexnet-pytorch_regim_categ,classifier.5,12,True
107,../model_weights/contour_model_weights/alexnet_regimagenet_categ_finetune_narrow_classifier_5/model_alexnet-pytorch-regim-categ_layer_classifier-5_mode_finetune_beta_090.pt,-0.3748489487736429,[0.49   0.495  0.4875 0.5075 0.7825],alexnet-pytorch_regim_categ,classifier.5,90,True
108,../model_weights/contour_model_weights/alexnet_regimagenet_categ_finetune_narrow_classifier_5/model_alexnet-pytorch-regim-categ_layer_classifier-5_mode_finetune_beta_028.pt,0.7429928187296071,[0.9775 0.9625 0.875  0.5975 0.515 ],alexnet-pytorch_regim_categ,classifier.5,28,True
109,../model_weights/contour_model_weights/alexnet_regimagenet_categ_finetune_narrow_classifier_5/model_alexnet-pytorch-regim-categ_layer_classifier-5_mode_finetune_beta_060.pt,-0.5810063957918954,[0.4725 0.5875 0.915  0.97   0.8725],alexnet-pytorch_regim_categ,classifier.5,60,True
110,../model_weights/contour_model_weights/alexnet_regimagenet_categ_finetune_narrow_classifier_5/model_alexnet-pytorch-regim-categ_layer_classifier-5_mode_finetune_beta_045.pt,0.03787771529168597,[0.695  0.9325 0.9725 0.9475 0.625 ],alexnet-pytorch_regim_categ,classifier.5,45,True
111,../model_weights/contour_model_weights/alexnet_regimagenet_categ_finetune_narrow_classifier_5/model_alexnet-pytorch-regim-categ_layer_classifier-5_mode_finetune_beta_030.pt,0.7064516451379034,[0.9625 0.97   0.92   0.65   0.5125],alexnet-pytorch_regim_categ,classifier.5,30,True
112,../model_weights/contour_model_weights/alexnet_regimagenet_categ_finetune_narrow_classifier_5/model_alexnet-pytorch-regim-categ_layer_classifier-5_mode_finetune_beta_002.pt,0.5653343937746103,[0.92   0.5375 0.5    0.5    0.4975],alexnet-pytorch_regim_categ,classifier.5,2,True
113,../model_weights/contour_model_weights/alexnet_regimagenet_categ_finetune_narrow_classifier_5/model_alexnet-pytorch-regim-categ_layer_classifier-5_mode_finetune_beta_015.pt,0.7438034123021474,[0.995  0.855  0.5675 0.5    0.4925],alexnet-pytorch_regim_categ,classifier.5,15,True
114,../model_weights/contour_model_weights/alexnet_regimagenet_categ_finetune_narrow_classifier_5/model_alexnet-pytorch-regim-categ_layer_classifier-5_mode_finetune_beta_026.pt,0.7447410705109382,[0.9725 0.975  0.8675 0.5825 0.51  ],alexnet-pytorch_regim_categ,classifier.5,26,True
115,../model_weights/contour_model_weights/alexnet_regimagenet_categ_finetune_narrow_classifier_5/model_alexnet-pytorch-regim-categ_layer_classifier-5_mode_finetune_beta_075.pt,-0.636230040083714,[0.4875 0.4875 0.6    0.8975 0.95  ],alexnet-pytorch_regim_categ,classifier.5,75,True
116,../model_weights/contour_model_weights/alexnet_regimagenet_categ_finetune_narrow_classifier_5/model_alexnet-pytorch-regim-categ_layer_classifier-5_mode_finetune_beta_000.pt,0.606165615470908,[0.89   0.55   0.5    0.4975 0.495 ],alexnet-pytorch_regim_categ,classifier.5,0,True
117,../model_weights/contour_model_weights/alexnet_regimagenet_categ_finetune_narrow_classifier_5/model_alexnet-pytorch-regim-categ_layer_classifier-5_mode_finetune_beta_014.pt,0.7426681456067246,[0.985  0.8525 0.58   0.4925 0.495 ],alexnet-pytorch_regim_categ,classifier.5,14,True
118,../model_weights/contour_model_weights/alexnet_regimagenet_categ_finetune_narrow_classifier_5/model_alexnet-pytorch-regim-categ_layer_classifier-5_mode_finetune_beta_022.pt,0.7674895775276664,[0.9775 0.94   0.7525 0.5025 0.4825],alexnet-pytorch_regim_categ,classifier.5,22,True
119,../model_weights/contour_model_weights/alexnet_regimagenet_categ_finetune_narrow_classifier_5/model_alexnet-pytorch-regim-categ_layer_classifier-5_mode_finetune_beta_010.pt,0.6926928673468187,[0.97   0.7375 0.5025 0.4925 0.495 ],alexnet-pytorch_regim_categ,classifier.5,10,True
120,../model_weights/contour_model_weights/alexnet_regimagenet_categ_finetune_narrow_classifier_5/model_alexnet-pytorch-regim-categ_layer_classifier-5_mode_finetune_beta_016.pt,0.7609436439721187,[0.9825 0.8975 0.6125 0.5    0.49  ],alexnet-pytorch_regim_categ,classifier.5,16,True
121,../model_weights/contour_model_weights/alexnet_regimagenet_categ_finetune_narrow_classifier_5/model_alexnet-pytorch-regim-categ_layer_classifier-5_mode_finetune_beta_018.pt,0.7608187378757234,[0.99   0.9325 0.62   0.495  0.4775],alexnet-pytorch_regim_categ,classifier.5,18,True
122,../model_weights/contour_model_weights/alexnet_regimagenet_categ_finetune_narrow_classifier_5/model_alexnet-pytorch-regim-categ_layer_classifier-5_mode_finetune_beta_004.pt,0.6322094726216689,[0.92   0.5525 0.5025 0.4925 0.4975],alexnet-pytorch_regim_categ,classifier.5,4,True
123,../model_weights/contour_model_weights/alexnet_regimagenet_categ_finetune_narrow_classifier_5/model_alexnet-pytorch-regim-categ_layer_classifier-5_mode_finetune_beta_024.pt,0.7670864091962308,[0.9825 0.9725 0.82   0.53   0.48  ],alexnet-pytorch_regim_categ,classifier.5,24,True
124,../model_weights/contour_model_weights/alexnet_regimagenet_categ_finetune_narrow_classifier_5/model_alexnet-pytorch-regim-categ_layer_classifier-5_mode_finetune_beta_006.pt,0.6615323215912964,[0.94   0.585  0.5025 0.4975 0.5   ],alexnet-pytorch_regim_categ,classifier.5,6,True
125,../model_weights/contour_model_weights/alexnet_regimagenet_categ_finetune_narrow_classifier_5/model_alexnet-pytorch-regim-categ_layer_classifier-5_mode_finetune_beta_020.pt,0.7663653091933936,[0.985  0.945  0.6925 0.5    0.4825],alexnet-pytorch_regim_categ,classifier.5,20,True
126,../model_weights/contour_model_weights/alexnet_regimagenet_categ_finetune_narrow_classifier_5/model_alexnet-pytorch-regim-categ_layer_classifier-5_mode_finetune_beta_008.pt,0.667334464377581,[0.95   0.66   0.5025 0.5025 0.5   ],alexnet-pytorch_regim_categ,classifier.5,8,True
127,../model_weights/contour_model_weights/alexnet_regimagenet_categ_finetune_narrow_classifier_6/model_alexnet-pytorch-regim-categ_layer_classifier-6_mode_finetune_beta_024.pt,0.7737190196697065,[0.9775 0.9575 0.795  0.5175 0.4725],alexnet-pytorch_regim_categ,classifier.6,24,True
128,../model_weights/contour_model_weights/alexnet_regimagenet_categ_finetune_narrow_classifier_6/model_alexnet-pytorch-regim-categ_layer_classifier-6_mode_finetune_beta_028.pt,0.7541695094768579,[0.975  0.97   0.875  0.5975 0.5   ],alexnet-pytorch_regim_categ,classifier.6,28,True
129,../model_weights/contour_model_weights/alexnet_regimagenet_categ_finetune_narrow_classifier_6/model_alexnet-pytorch-regim-categ_layer_classifier-6_mode_finetune_beta_075.pt,-0.6313717838642499,[0.4875 0.5025 0.595  0.89   0.9575],alexnet-pytorch_regim_categ,classifier.6,75,True
130,../model_weights/contour_model_weights/alexnet_regimagenet_categ_finetune_narrow_classifier_6/model_alexnet-pytorch-regim-categ_layer_classifier-6_mode_finetune_beta_022.pt,0.7708051026183309,[0.9725 0.955  0.7575 0.5    0.4825],alexnet-pytorch_regim_categ,classifier.6,22,True
131,../model_weights/contour_model_weights/alexnet_regimagenet_categ_finetune_narrow_classifier_6/model_alexnet-pytorch-regim-categ_layer_classifier-6_mode_finetune_beta_002.pt,0.6061545826672273,[0.8875 0.5375 0.5025 0.4975 0.5   ],alexnet-pytorch_regim_categ,classifier.6,2,True
132,../model_weights/contour_model_weights/alexnet_regimagenet_categ_finetune_narrow_classifier_6/model_alexnet-pytorch-regim-categ_layer_classifier-6_mode_finetune_beta_006.pt,0.6243253332097114,[0.92   0.56   0.5    0.4975 0.4975],alexnet-pytorch_regim_categ,classifier.6,6,True
133,../model_weights/contour_model_weights/alexnet_regimagenet_categ_finetune_narrow_classifier_6/model_alexnet-pytorch-regim-categ_layer_classifier-6_mode_finetune_beta_004.pt,0.6044605609969184,[0.915  0.5475 0.5    0.495  0.5025],alexnet-pytorch_regim_categ,classifier.6,4,True
134,../model_weights/contour_model_weights/alexnet_regimagenet_categ_finetune_narrow_classifier_6/model_alexnet-pytorch-regim-categ_layer_classifier-6_mode_finetune_beta_000.pt,0.5939579479072101,[0.89   0.545  0.5    0.4975 0.495 ],alexnet-pytorch_regim_categ,classifier.6,0,True
135,../model_weights/contour_model_weights/alexnet_regimagenet_categ_finetune_narrow_classifier_6/model_alexnet-pytorch-regim-categ_layer_classifier-6_mode_finetune_beta_030.pt,0.7057979345173692,[0.9525 0.9775 0.9225 0.67   0.505 ],alexnet-pytorch_regim_categ,classifier.6,30,True
136,../model_weights/contour_model_weights/alexnet_regimagenet_categ_finetune_narrow_classifier_6/model_alexnet-pytorch-regim-categ_layer_classifier-6_mode_finetune_beta_090.pt,-0.361327680396675,[0.4975 0.495  0.485  0.5175 0.7825],alexnet-pytorch_regim_categ,classifier.6,90,True
137,../model_weights/contour_model_weights/alexnet_regimagenet_categ_finetune_narrow_classifier_6/model_alexnet-pytorch-regim-categ_layer_classifier-6_mode_finetune_beta_016.pt,0.7448531947085475,[0.9875 0.8875 0.595  0.505  0.4925],alexnet-pytorch_regim_categ,classifier.6,16,True
138,../model_weights/contour_model_weights/alexnet_regimagenet_categ_finetune_narrow_classifier_6/model_alexnet-pytorch-regim-categ_layer_classifier-6_mode_finetune_beta_020.pt,0.7666705548042527,[0.98   0.9425 0.7125 0.5    0.4975],alexnet-pytorch_regim_categ,classifier.6,20,True
139,../model_weights/contour_model_weights/alexnet_regimagenet_categ_finetune_narrow_classifier_6/model_alexnet-pytorch-regim-categ_layer_classifier-6_mode_finetune_beta_008.pt,0.6286414836083303,[0.955 0.615 0.505 0.495 0.495],alexnet-pytorch_regim_categ,classifier.6,8,True
140,../model_weights/contour_model_weights/alexnet_regimagenet_categ_finetune_narrow_classifier_6/model_alexnet-pytorch-regim-categ_layer_classifier-6_mode_finetune_beta_026.pt,0.7489913758482235,[0.9775 0.9775 0.8575 0.565  0.49  ],alexnet-pytorch_regim_categ,classifier.6,26,True
141,../model_weights/contour_model_weights/alexnet_regimagenet_categ_finetune_narrow_classifier_6/model_alexnet-pytorch-regim-categ_layer_classifier-6_mode_finetune_beta_060.pt,-0.5887874419931752,[0.4775 0.5875 0.9075 0.9775 0.89  ],alexnet-pytorch_regim_categ,classifier.6,60,True
142,../model_weights/contour_model_weights/alexnet_regimagenet_categ_finetune_narrow_classifier_6/model_alexnet-pytorch-regim-categ_layer_classifier-6_mode_finetune_beta_012.pt,0.7076058142416328,[0.98   0.7475 0.5125 0.495  0.4975],alexnet-pytorch_regim_categ,classifier.6,12,True
143,../model_weights/contour_model_weights/alexnet_regimagenet_categ_finetune_narrow_classifier_6/model_alexnet-pytorch-regim-categ_layer_classifier-6_mode_finetune_beta_015.pt,0.7447706834882272,[0.9975 0.855  0.58   0.5025 0.49  ],alexnet-pytorch_regim_categ,classifier.6,15,True
144,../model_weights/contour_model_weights/alexnet_regimagenet_categ_finetune_narrow_classifier_6/model_alexnet-pytorch-regim-categ_layer_classifier-6_mode_finetune_beta_014.pt,0.7294783016527288,[0.99   0.845  0.5825 0.495  0.495 ],alexnet-pytorch_regim_categ,classifier.6,14,True
145,../model_weights/contour_model_weights/alexnet_regimagenet_categ_finetune_narrow_classifier_6/model_alexnet-pytorch-regim-categ_layer_classifier-6_mode_finetune_beta_010.pt,0.6950132664480746,[0.9725 0.72   0.5075 0.495  0.495 ],alexnet-pytorch_regim_categ,classifier.6,10,True
146,../model_weights/contour_model_weights/alexnet_regimagenet_categ_finetune_narrow_classifier_6/model_alexnet-pytorch-regim-categ_layer_classifier-6_mode_finetune_beta_018.pt,0.7638570087460534,[0.99   0.9125 0.645  0.4925 0.48  ],alexnet-pytorch_regim_categ,classifier.6,18,True
147,../model_weights/contour_model_weights/alexnet_regimagenet_categ_finetune_narrow_classifier_6/model_alexnet-pytorch-regim-categ_layer_classifier-6_mode_finetune_beta_045.pt,0.011074243679186285,[0.6275 0.9325 0.975  0.92   0.6025],alexnet-pytorch_regim_categ,classifier.6,45,True
148,../model_weights/contour_model_weights/alexnet_regimagenet_categ_finetune_broad/model_alexnet-pytorch-regim-categ_layer_features-2_mode_finetune.pt,0.037939152703502864,[0.59   0.5525 0.53   0.53   0.57  ],alexnet-pytorch_regim_categ,features.2,0-15-30-45-60-75,True
149,../model_weights/contour_model_weights/alexnet_regimagenet_categ_finetune_broad/model_alexnet-pytorch-regim-categ_layer_classifier-4_mode_finetune.pt,0.16394844859135865,[0.915  0.92   0.9425 0.935  0.8375],alexnet-pytorch_regim_categ,classifier.4,0-15-30-45-60-75,True
150,../model_weights/contour_model_weights/alexnet_regimagenet_categ_finetune_broad/model_alexnet-pytorch-regim-categ_layer_classifier-3_mode_finetune.pt,0.1462747986334249,[0.9175 0.9325 0.9375 0.93   0.845 ],alexnet-pytorch_regim_categ,classifier.3,0-15-30-45-60-75,True
151,../model_weights/contour_model_weights/alexnet_regimagenet_categ_finetune_broad/model_alexnet-pytorch-regim-categ_layer_avgpool_mode_finetune.pt,0.19076372138213038,[0.9175 0.9075 0.935  0.905  0.86  ],alexnet-pytorch_regim_categ,avgpool,0-15-30-45-60-75,True
152,../model_weights/contour_model_weights/alexnet_regimagenet_categ_finetune_broad/model_alexnet-pytorch-regim-categ_layer_classifier-0_mode_finetune.pt,0.13626929698730558,[0.925  0.9425 0.935  0.925  0.8575],alexnet-pytorch_regim_categ,classifier.0,0-15-30-45-60-75,True
153,../model_weights/contour_model_weights/alexnet_regimagenet_categ_finetune_broad/model_alexnet-pytorch-regim-categ_layer_features-0_mode_finetune.pt,-0.08733608094221532,[0.5025 0.4975 0.515  0.5075 0.555 ],alexnet-pytorch_regim_categ,features.0,0-15-30-45-60-75,True
154,../model_weights/contour_model_weights/alexnet_regimagenet_categ_finetune_broad/model_alexnet-pytorch-regim-categ_layer_features-6_mode_finetune.pt,0.16047613572660663,[0.79   0.7175 0.7525 0.7425 0.68  ],alexnet-pytorch_regim_categ,features.6,0-15-30-45-60-75,True
155,../model_weights/contour_model_weights/alexnet_regimagenet_categ_finetune_broad/model_alexnet-pytorch-regim-categ_layer_features-4_mode_finetune.pt,0.20939408113390795,[0.7825 0.65   0.71   0.705  0.6675],alexnet-pytorch_regim_categ,features.4,0-15-30-45-60-75,True
156,../model_weights/contour_model_weights/alexnet_regimagenet_categ_finetune_broad/model_alexnet-pytorch-regim-categ_layer_classifier-5_mode_finetune.pt,0.16876847480895965,[0.92   0.9475 0.945  0.945  0.84  ],alexnet-pytorch_regim_categ,classifier.5,0-15-30-45-60-75,True
157,../model_weights/contour_model_weights/alexnet_regimagenet_categ_finetune_broad/model_alexnet-pytorch-regim-categ_layer_features-11_mode_finetune.pt,0.24676099327556716,[0.8625 0.815  0.8525 0.8125 0.685 ],alexnet-pytorch_regim_categ,features.11,0-15-30-45-60-75,True
158,../model_weights/contour_model_weights/alexnet_regimagenet_categ_finetune_broad/model_alexnet-pytorch-regim-categ_layer_features-3_mode_finetune.pt,-0.016339293241693156,[0.5975 0.5225 0.5325 0.5475 0.58  ],alexnet-pytorch_regim_categ,features.3,0-15-30-45-60-75,True
159,../model_weights/contour_model_weights/alexnet_regimagenet_categ_finetune_broad/model_alexnet-pytorch-regim-categ_layer_features-8_mode_finetune.pt,0.22100972768118576,[0.8025 0.8225 0.835  0.74   0.6925],alexnet-pytorch_regim_categ,features.8,0-15-30-45-60-75,True
160,../model_weights/contour_model_weights/alexnet_regimagenet_categ_finetune_broad/model_alexnet-pytorch-regim-categ_layer_classifier-1_mode_finetune.pt,0.1687797236735278,[0.9175 0.93   0.9575 0.945  0.865 ],alexnet-pytorch_regim_categ,classifier.1,0-15-30-45-60-75,True
161,../model_weights/contour_model_weights/alexnet_regimagenet_categ_finetune_broad/model_alexnet-pytorch-regim-categ_layer_features-9_mode_finetune.pt,0.26674051917400543,[0.8325 0.7825 0.7975 0.76   0.6925],alexnet-pytorch_regim_categ,features.9,0-15-30-45-60-75,True
162,../model_weights/contour_model_weights/alexnet_regimagenet_categ_finetune_broad/model_alexnet-pytorch-regim-categ_layer_features-12_mode_finetune.pt,0.26870757268601775,[0.885  0.905  0.8825 0.88   0.7375],alexnet-pytorch_regim_categ,features.12,0-15-30-45-60-75,True
163,../model_weights/contour_model_weights/alexnet_regimagenet_categ_finetune_broad/model_alexnet-pytorch-regim-categ_layer_features-5_mode_finetune.pt,0.2124087078393924,[0.755  0.7225 0.6975 0.705  0.6475],alexnet-pytorch_regim_categ,features.5,0-15-30-45-60-75,True
164,../model_weights/contour_model_weights/alexnet_regimagenet_categ_finetune_broad/model_alexnet-pytorch-regim-categ_layer_classifier-6_mode_finetune.pt,0.17465320472208024,[0.93   0.92   0.95   0.91   0.8525],alexnet-pytorch_regim_categ,classifier.6,0-15-30-45-60-75,True
165,../model_weights/contour_model_weights/alexnet_regimagenet_categ_finetune_broad/model_alexnet-pytorch-regim-categ_layer_features-1_mode_finetune.pt,-0.03938540904516649,[0.5975 0.505  0.5275 0.5375 0.6225],alexnet-pytorch_regim_categ,features.1,0-15-30-45-60-75,True
166,../model_weights/contour_model_weights/alexnet_regimagenet_categ_finetune_broad/model_alexnet-pytorch-regim-categ_layer_classifier-2_mode_finetune.pt,0.14962242827709363,[0.925  0.95   0.9575 0.9375 0.8525],alexnet-pytorch_regim_categ,classifier.2,0-15-30-45-60-75,True
167,../model_weights/contour_model_weights/alexnet_regimagenet_categ_finetune_broad/model_alexnet-pytorch-regim-categ_layer_features-10_mode_finetune.pt,0.2495403874370956,[0.855  0.83   0.8525 0.7975 0.73  ],alexnet-pytorch_regim_categ,features.10,0-15-30-45-60-75,True
168,../model_weights/contour_model_weights/alexnet_regimagenet_categ_finetune_broad/model_alexnet-pytorch-regim-categ_layer_features-7_mode_finetune.pt,0.26265159712459935,[0.7875 0.75   0.7775 0.7625 0.7025],alexnet-pytorch_regim_categ,features.7,0-15-30-45-60-75,True
169,../model_weights/contour_model_weights/alexnet_regimagenet_categ_frozen_broad/model_alexnet-pytorch-regim-categ_layer_features-3_mode_frozen.pt,-0.011042214051909296,[0.58   0.52   0.54   0.54   0.5675],alexnet-pytorch_regim_categ,features.3,0-15-30-45-60-75,False
170,../model_weights/contour_model_weights/alexnet_regimagenet_categ_frozen_broad/model_alexnet-pytorch-regim-categ_layer_features-9_mode_frozen.pt,0.3194257282594213,[0.7075 0.665  0.6625 0.65   0.6125],alexnet-pytorch_regim_categ,features.9,0-15-30-45-60-75,False
171,../model_weights/contour_model_weights/alexnet_regimagenet_categ_frozen_broad/model_alexnet-pytorch-regim-categ_layer_classifier-1_mode_frozen.pt,0.2858039063260346,[0.655  0.6425 0.6225 0.605  0.5975],alexnet-pytorch_regim_categ,classifier.1,0-15-30-45-60-75,False
172,../model_weights/contour_model_weights/alexnet_regimagenet_categ_frozen_broad/model_alexnet-pytorch-regim-categ_layer_avgpool_mode_frozen.pt,0.27736727151312573,[0.695 0.66  0.645 0.62  0.59 ],alexnet-pytorch_regim_categ,avgpool,0-15-30-45-60-75,False
173,../model_weights/contour_model_weights/alexnet_regimagenet_categ_frozen_broad/model_alexnet-pytorch-regim-categ_layer_classifier-6_mode_frozen.pt,0.3317721846019473,[0.615  0.615  0.6    0.56   0.5325],alexnet-pytorch_regim_categ,classifier.6,0-15-30-45-60-75,False
174,../model_weights/contour_model_weights/alexnet_regimagenet_categ_frozen_broad/model_alexnet-pytorch-regim-categ_layer_classifier-4_mode_frozen.pt,0.30896903261819947,[0.65  0.625 0.62  0.555 0.555],alexnet-pytorch_regim_categ,classifier.4,0-15-30-45-60-75,False
175,../model_weights/contour_model_weights/alexnet_regimagenet_categ_frozen_broad/model_alexnet-pytorch-regim-categ_layer_features-12_mode_frozen.pt,0.2771045301741647,[0.6625 0.6275 0.61   0.6    0.5975],alexnet-pytorch_regim_categ,features.12,0-15-30-45-60-75,False
176,../model_weights/contour_model_weights/alexnet_regimagenet_categ_frozen_broad/model_alexnet-pytorch-regim-categ_layer_features-7_mode_frozen.pt,0.30050265109682645,[0.71   0.66   0.665  0.6175 0.6025],alexnet-pytorch_regim_categ,features.7,0-15-30-45-60-75,False
177,../model_weights/contour_model_weights/alexnet_regimagenet_categ_frozen_broad/model_alexnet-pytorch-regim-categ_layer_features-5_mode_frozen.pt,0.23951283003910426,[0.69   0.625  0.6625 0.625  0.6125],alexnet-pytorch_regim_categ,features.5,0-15-30-45-60-75,False
178,../model_weights/contour_model_weights/alexnet_regimagenet_categ_frozen_broad/model_alexnet-pytorch-regim-categ_layer_features-8_mode_frozen.pt,0.34275575687933146,[0.735  0.6425 0.6525 0.635  0.5975],alexnet-pytorch_regim_categ,features.8,0-15-30-45-60-75,False
179,../model_weights/contour_model_weights/alexnet_regimagenet_categ_frozen_broad/model_alexnet-pytorch-regim-categ_layer_features-1_mode_frozen.pt,0.02596298478085096,[0.595  0.5175 0.5125 0.5125 0.5675],alexnet-pytorch_regim_categ,features.1,0-15-30-45-60-75,False
180,../model_weights/contour_model_weights/alexnet_regimagenet_categ_frozen_broad/model_alexnet-pytorch-regim-categ_layer_features-10_mode_frozen.pt,0.3685279166271986,[0.71   0.6875 0.655  0.6    0.58  ],alexnet-pytorch_regim_categ,features.10,0-15-30-45-60-75,False
181,../model_weights/contour_model_weights/alexnet_regimagenet_categ_frozen_broad/model_alexnet-pytorch-regim-categ_layer_features-6_mode_frozen.pt,0.3206388553477743,[0.74   0.6625 0.6725 0.605  0.605 ],alexnet-pytorch_regim_categ,features.6,0-15-30-45-60-75,False
182,../model_weights/contour_model_weights/alexnet_regimagenet_categ_frozen_broad/model_alexnet-pytorch-regim-categ_layer_classifier-5_mode_frozen.pt,0.315105705181181,[0.6125 0.6275 0.6025 0.565  0.535 ],alexnet-pytorch_regim_categ,classifier.5,0-15-30-45-60-75,False
183,../model_weights/contour_model_weights/alexnet_regimagenet_categ_frozen_broad/model_alexnet-pytorch-regim-categ_layer_features-2_mode_frozen.pt,0.03545667757373171,[0.595  0.515  0.53   0.5375 0.545 ],alexnet-pytorch_regim_categ,features.2,0-15-30-45-60-75,False
184,../model_weights/contour_model_weights/alexnet_regimagenet_categ_frozen_broad/model_alexnet-pytorch-regim-categ_layer_classifier-2_mode_frozen.pt,0.2932039682547056,[0.665  0.6425 0.63   0.6125 0.585 ],alexnet-pytorch_regim_categ,classifier.2,0-15-30-45-60-75,False
185,../model_weights/contour_model_weights/alexnet_regimagenet_categ_frozen_broad/model_alexnet-pytorch-regim-categ_layer_classifier-0_mode_frozen.pt,0.28917210069569926,[0.6925 0.68   0.645  0.6125 0.6025],alexnet-pytorch_regim_categ,classifier.0,0-15-30-45-60-75,False
186,../model_weights/contour_model_weights/alexnet_regimagenet_categ_frozen_broad/model_alexnet-pytorch-regim-categ_layer_features-11_mode_frozen.pt,0.3110471298006706,[0.6575 0.63   0.65   0.59   0.5875],alexnet-pytorch_regim_categ,features.11,0-15-30-45-60-75,False
187,../model_weights/contour_model_weights/alexnet_regimagenet_categ_frozen_broad/model_alexnet-pytorch-regim-categ_layer_classifier-3_mode_frozen.pt,0.3132429958697802,[0.675  0.6475 0.635  0.6    0.6075],alexnet-pytorch_regim_categ,classifier.3,0-15-30-45-60-75,False
188,../model_weights/contour_model_weights/alexnet_regimagenet_categ_frozen_broad/model_alexnet-pytorch-regim-categ_layer_features-4_mode_frozen.pt,0.12269013592783805,[0.6775 0.5625 0.5875 0.5825 0.5825],alexnet-pytorch_regim_categ,features.4,0-15-30-45-60-75,False
189,../model_weights/contour_model_weights/alexnet_regimagenet_categ_frozen_broad/model_alexnet-pytorch-regim-categ_layer_features-0_mode_frozen.pt,-0.04983388853171051,[0.5025 0.4875 0.485  0.49   0.535 ],alexnet-pytorch_regim_categ,features.0,0-15-30-45-60-75,False
190,../model_weights/contour_model_weights/alexnet-bagnet11_regimagenet_categ_finetune_broad/model_alexnet-bagnet11-regim-categ_layer_classifier-5_mode_finetune.pt,0.045675516525311995,[0.565  0.4875 0.5    0.4825 0.4725],alexnet-bagnet11_regim_categ,classifier.5,0-15-30-45-60-75,True
191,../model_weights/contour_model_weights/alexnet-bagnet11_regimagenet_categ_finetune_broad/model_alexnet-bagnet11-regim-categ_layer_classifier-2_mode_finetune.pt,-0.00717685053018903,[0.555  0.5075 0.5175 0.4975 0.5   ],alexnet-bagnet11_regim_categ,classifier.2,0-15-30-45-60-75,True
192,../model_weights/contour_model_weights/alexnet-bagnet11_regimagenet_categ_finetune_broad/model_alexnet-bagnet11-regim-categ_layer_features-9_mode_finetune.pt,-0.050941628538088465,[0.5125 0.5275 0.5025 0.495  0.5525],alexnet-bagnet11_regim_categ,features.9,0-15-30-45-60-75,True
193,../model_weights/contour_model_weights/alexnet-bagnet11_regimagenet_categ_finetune_broad/model_alexnet-bagnet11-regim-categ_layer_avgpool_mode_finetune.pt,0.27681301634215216,[0.6    0.5    0.4775 0.4825 0.485 ],alexnet-bagnet11_regim_categ,avgpool,0-15-30-45-60-75,True
194,../model_weights/contour_model_weights/alexnet-bagnet17_regimagenet_categ_finetune_broad/model_alexnet-bagnet17-regim-categ_layer_features-9_mode_finetune.pt,0.015024966888743302,[0.58   0.505  0.54   0.5125 0.5625],alexnet-bagnet17_regim_categ,features.9,0-15-30-45-60-75,True
195,../model_weights/contour_model_weights/alexnet-bagnet17_regimagenet_categ_finetune_broad/model_alexnet-bagnet17-regim-categ_layer_avgpool_mode_finetune.pt,0.2805703102397588,[0.6    0.515  0.4675 0.4575 0.4825],alexnet-bagnet17_regim_categ,avgpool,0-15-30-45-60-75,True
196,../model_weights/contour_model_weights/alexnet-bagnet17_regimagenet_categ_finetune_broad/model_alexnet-bagnet17-regim-categ_layer_classifier-5_mode_finetune.pt,0.006323408574622926,[0.52   0.505  0.4975 0.515  0.4625],alexnet-bagnet17_regim_categ,classifier.5,0-15-30-45-60-75,True
197,../model_weights/contour_model_weights/alexnet-bagnet17_regimagenet_categ_finetune_broad/model_alexnet-bagnet17-regim-categ_layer_classifier-2_mode_finetune.pt,0.054806462257763755,[0.5325 0.4675 0.5225 0.4775 0.53  ],alexnet-bagnet17_regim_categ,classifier.2,0-15-30-45-60-75,True
198,../model_weights/contour_model_weights/alexnet-bagnet31_regimagenet_categ_finetune_broad/model_alexnet-bagnet31-regim-categ_layer_features-9_mode_finetune.pt,0.17826536558210554,[0.6425 0.5775 0.5275 0.5525 0.59  ],alexnet-bagnet31_regim_categ,features.9,0-15-30-45-60-75,True
199,../model_weights/contour_model_weights/alexnet-bagnet31_regimagenet_categ_finetune_broad/model_alexnet-bagnet31-regim-categ_layer_classifier-5_mode_finetune.pt,0.38477957918002315,[0.8225 0.775  0.71   0.65   0.6325],alexnet-bagnet31_regim_categ,classifier.5,0-15-30-45-60-75,True
200,../model_weights/contour_model_weights/alexnet-bagnet31_regimagenet_categ_finetune_broad/model_alexnet-bagnet31-regim-categ_layer_classifier-2_mode_finetune.pt,0.27240737431145695,[0.805  0.795  0.7825 0.735  0.6725],alexnet-bagnet31_regim_categ,classifier.2,0-15-30-45-60-75,True
201,../model_weights/contour_model_weights/alexnet-bagnet31_regimagenet_categ_finetune_broad/model_alexnet-bagnet31-regim-categ_layer_avgpool_mode_finetune.pt,0.25067443718614685,[0.8025 0.7725 0.785  0.7675 0.6775],alexnet-bagnet31_regim_categ,avgpool,0-15-30-45-60-75,True
202,../model_weights/contour_model_weights/alexnet-bagnet33_regimagenet_categ_finetune_broad/model_alexnet-bagnet33-regim-categ_layer_features-9_mode_finetune.pt,0.1460518809921169,[0.7375 0.6825 0.67   0.705  0.6625],alexnet-bagnet33_regim_categ,features.9,0-15-30-45-60-75,True
203,../model_weights/contour_model_weights/alexnet-bagnet33_regimagenet_categ_finetune_broad/model_alexnet-bagnet33-regim-categ_layer_classifier-2_mode_finetune.pt,0.1795401439943336,[0.8625 0.8375 0.8275 0.7975 0.76  ],alexnet-bagnet33_regim_categ,classifier.2,0-15-30-45-60-75,True
204,../model_weights/contour_model_weights/alexnet-bagnet33_regimagenet_categ_finetune_broad/model_alexnet-bagnet33-regim-categ_layer_avgpool_mode_finetune_1.pt,0.1808197223688732,[0.8225 0.8175 0.8225 0.8225 0.7475],alexnet-bagnet33_regim_categ,avgpool,0-15-30-45-60-75,True
205,../model_weights/contour_model_weights/alexnet-bagnet33_regimagenet_categ_finetune_broad/model_alexnet-bagnet33-regim-categ_layer_classifier-5_mode_finetune.pt,0.16709329834830458,[0.825  0.855  0.8375 0.805  0.725 ],alexnet-bagnet33_regim_categ,classifier.5,0-15-30-45-60-75,True
206,../model_weights/contour_model_weights/alexnet-bagnet33_regimagenet_categ_finetune_broad/model_alexnet-bagnet33-regim-categ_layer_avgpool_mode_finetune.pt,0.21983663382017182,[0.825  0.82   0.815  0.8    0.7325],alexnet-bagnet33_regim_categ,avgpool,0-15-30-45-60-75,True
207,../model_weights/contour_model_weights/alexnet-epoch100_regimagenet_categ_finetune_broad/model_alexnet-epoch100-regim-categ_layer_features-12_mode_finetune.pt,0.2419488254908559,[0.91   0.885  0.905  0.885  0.7625],alexnet-epoch100_regim_categ,features.12,0-15-30-45-60-75,True
208,../model_weights/contour_model_weights/alexnet-epoch50_regimagenet_categ_finetune_broad/model_alexnet-epoch50-regim-categ_layer_features-12_mode_finetune.pt,0.23018921576211204,[0.9075 0.8975 0.885  0.8675 0.7725],alexnet-epoch50_regim_categ,features.12,0-15-30-45-60-75,True
209,../model_weights/contour_model_weights/alexnet-epoch50_regimagenet_categ_finetune_broad/model_alexnet-epoch50-regim-categ_layer_features-11_mode_finetune.pt,0.20866446901506766,[0.87   0.8275 0.8575 0.8325 0.7525],alexnet-epoch50_regim_categ,features.11,0-15-30-45-60-75,True
210,../model_weights/contour_model_weights/alexnet-epoch50_regimagenet_categ_finetune_broad/model_alexnet-epoch50-regim-categ_layer_features-9_mode_finetune.pt,0.27491244737327575,[0.8275 0.8075 0.79   0.75   0.705 ],alexnet-epoch50_regim_categ,features.9,0-15-30-45-60-75,True
211,../model_weights/contour_model_weights/alexnet-random-nodata-notask_finetune_broad/model_alexnet-random-nodata-notask_layer_classifier-5_mode_finetune.pt,0.022825276325551234,[0.5 0.5 0.5 0.5 0.5],alexnet-random_nodata_notask,classifier.5,0-15-30-45-60-75,True
212,../model_weights/contour_model_weights/alexnet-random-nodata-notask_finetune_broad/model_alexnet-random-nodata-notask_layer_features-6_mode_finetune.pt,0.24637122139174764,[0.7975 0.705  0.69   0.685  0.62  ],alexnet-random_nodata_notask,features.6,0-15-30-45-60-75,True
213,../model_weights/contour_model_weights/alexnet-random-nodata-notask_finetune_broad/model_alexnet-random-nodata-notask_layer_classifier-6_mode_finetune.pt,-0.04390230812344163,[0.5 0.5 0.5 0.5 0.5],alexnet-random_nodata_notask,classifier.6,0-15-30-45-60-75,True
214,../model_weights/contour_model_weights/alexnet-random-nodata-notask_finetune_broad/model_alexnet-random-nodata-notask_layer_features-9_mode_finetune.pt,0.5012253018063101,[0.84   0.6775 0.5875 0.515  0.5125],alexnet-random_nodata_notask,features.9,0-15-30-45-60-75,True
215,../model_weights/contour_model_weights/alexnet-random-nodata-notask_finetune_broad/model_alexnet-random-nodata-notask_layer_classifier-2_mode_finetune.pt,0.03478203894625132,[0.51   0.515  0.4875 0.5    0.5   ],alexnet-random_nodata_notask,classifier.2,0-15-30-45-60-75,True
216,../model_weights/contour_model_weights/alexnet-random-nodata-notask_finetune_broad/model_alexnet-random-nodata-notask_layer_classifier-4_mode_finetune.pt,0.03047859669074231,[0.5    0.5    0.5    0.5    0.4975],alexnet-random_nodata_notask,classifier.4,0-15-30-45-60-75,True
217,../model_weights/contour_model_weights/alexnet-random-nodata-notask_finetune_broad/model_alexnet-random-nodata-notask_layer_features-7_mode_finetune.pt,0.2903988780841595,[0.8025 0.7125 0.75   0.705  0.665 ],alexnet-random_nodata_notask,features.7,0-15-30-45-60-75,True
218,../model_weights/contour_model_weights/alexnet-random-nodata-notask_finetune_broad/model_alexnet-random-nodata-notask_layer_features-3_mode_finetune.pt,0.005922358891387446,[0.595  0.54   0.55   0.5525 0.595 ],alexnet-random_nodata_notask,features.3,0-15-30-45-60-75,True
219,../model_weights/contour_model_weights/alexnet-random-nodata-notask_finetune_broad/model_alexnet-random-nodata-notask_layer_features-2_mode_finetune.pt,0.02997381481916627,[0.62   0.5025 0.5225 0.545  0.5925],alexnet-random_nodata_notask,features.2,0-15-30-45-60-75,True
220,../model_weights/contour_model_weights/alexnet-random-nodata-notask_finetune_broad/model_alexnet-random-nodata-notask_layer_features-5_mode_finetune.pt,0.2555691749650179,[0.8    0.6975 0.695  0.6975 0.6425],alexnet-random_nodata_notask,features.5,0-15-30-45-60-75,True
221,../model_weights/contour_model_weights/alexnet-random-nodata-notask_finetune_broad/model_alexnet-random-nodata-notask_layer_classifier-3_mode_finetune.pt,0.04976358178807039,[0.5125 0.515  0.5075 0.5025 0.4925],alexnet-random_nodata_notask,classifier.3,0-15-30-45-60-75,True
222,../model_weights/contour_model_weights/alexnet-random-nodata-notask_finetune_broad/model_alexnet-random-nodata-notask_layer_features-1_mode_finetune.pt,-0.013660544135752925,[0.59  0.49  0.51  0.535 0.575],alexnet-random_nodata_notask,features.1,0-15-30-45-60-75,True
223,../model_weights/contour_model_weights/alexnet-random-nodata-notask_finetune_broad/model_alexnet-random-nodata-notask_layer_features-0_mode_finetune.pt,-0.09694328823446284,[0.5025 0.51   0.4825 0.5175 0.5625],alexnet-random_nodata_notask,features.0,0-15-30-45-60-75,True
224,../model_weights/contour_model_weights/alexnet-random-nodata-notask_finetune_broad/model_alexnet-random-nodata-notask_layer_avgpool_mode_finetune.pt,0.16014143277792495,[0.565  0.5225 0.5125 0.495  0.49  ],alexnet-random_nodata_notask,avgpool,0-15-30-45-60-75,True
225,../model_weights/contour_model_weights/alexnet-random-nodata-notask_finetune_broad/model_alexnet-random-nodata-notask_layer_features-4_mode_finetune.pt,0.2650837144470401,[0.7225 0.6475 0.6425 0.6525 0.6175],alexnet-random_nodata_notask,features.4,0-15-30-45-60-75,True
226,../model_weights/contour_model_weights/alexnet-random-nodata-notask_finetune_broad/model_alexnet-random-nodata-notask_layer_features-8_mode_finetune.pt,0.31782914435239745,[0.7875 0.7575 0.7425 0.6675 0.6275],alexnet-random_nodata_notask,features.8,0-15-30-45-60-75,True
227,../model_weights/contour_model_weights/alexnet-random-nodata-notask_finetune_broad/model_alexnet-random-nodata-notask_layer_features-12_mode_finetune.pt,0.33337018877117963,[0.6175 0.505  0.4975 0.5    0.49  ],alexnet-random_nodata_notask,features.12,0-15-30-45-60-75,True
228,../model_weights/contour_model_weights/alexnet-random-nodata-notask_finetune_broad/model_alexnet-random-nodata-notask_layer_features-11_mode_finetune.pt,0.4018230491279639,[0.65   0.5125 0.495  0.4775 0.4575],alexnet-random_nodata_notask,features.11,0-15-30-45-60-75,True
229,../model_weights/contour_model_weights/alexnet-random-nodata-notask_finetune_broad/model_alexnet-random-nodata-notask_layer_classifier-1_mode_finetune.pt,0.06278500606617728,[0.535 0.52  0.515 0.49  0.515],alexnet-random_nodata_notask,classifier.1,0-15-30-45-60-75,True
230,../model_weights/contour_model_weights/alexnet-random-nodata-notask_finetune_broad/model_alexnet-random-nodata-notask_layer_classifier-0_mode_finetune.pt,0.16504015396478103,[0.555 0.52  0.5   0.515 0.51 ],alexnet-random_nodata_notask,classifier.0,0-15-30-45-60-75,True
231,../model_weights/contour_model_weights/alexnet-random-nodata-notask_finetune_broad/model_alexnet-random-nodata-notask_layer_features-10_mode_finetune.pt,0.4027863302744486,[0.7175 0.555  0.4825 0.49   0.4325],alexnet-random_nodata_notask,features.10,0-15-30-45-60-75,True
232,../model_weights/contour_model_weights/alexnet-random-nodata-notask_frozen_broad/model_alexnet-random-nodata-notask_layer_features-10_mode_frozen.pt,0.26610711972841633,[0.62   0.5175 0.5125 0.51   0.505 ],alexnet-random_nodata_notask,features.10,0-15-30-45-60-75,False
233,../model_weights/contour_model_weights/alexnet-random-nodata-notask_frozen_broad/model_alexnet-random-nodata-notask_layer_features-8_mode_frozen.pt,0.2855715774875548,[0.62   0.5175 0.52   0.5    0.4975],alexnet-random_nodata_notask,features.8,0-15-30-45-60-75,False
234,../model_weights/contour_model_weights/alexnet-random-nodata-notask_frozen_broad/model_alexnet-random-nodata-notask_layer_features-11_mode_frozen.pt,0.2611582844174821,[0.5975 0.5175 0.5225 0.5025 0.5   ],alexnet-random_nodata_notask,features.11,0-15-30-45-60-75,False
235,../model_weights/contour_model_weights/alexnet-random-nodata-notask_frozen_broad/model_alexnet-random-nodata-notask_layer_classifier-4_mode_frozen.pt,0.008570021102258955,[0.52   0.5025 0.49   0.5075 0.49  ],alexnet-random_nodata_notask,classifier.4,0-15-30-45-60-75,False
236,../model_weights/contour_model_weights/alexnet-random-nodata-notask_frozen_broad/model_alexnet-random-nodata-notask_layer_features-5_mode_frozen.pt,0.25595077405235866,[0.64   0.51   0.5025 0.5125 0.5075],alexnet-random_nodata_notask,features.5,0-15-30-45-60-75,False
237,../model_weights/contour_model_weights/alexnet-random-nodata-notask_frozen_broad/model_alexnet-random-nodata-notask_layer_classifier-1_mode_frozen.pt,-0.0968938678977187,[0.5    0.4975 0.5125 0.505  0.5175],alexnet-random_nodata_notask,classifier.1,0-15-30-45-60-75,False
238,../model_weights/contour_model_weights/alexnet-random-nodata-notask_frozen_broad/model_alexnet-random-nodata-notask_layer_features-0_mode_frozen.pt,-0.08457828307412409,[0.51   0.5075 0.4775 0.5175 0.54  ],alexnet-random_nodata_notask,features.0,0-15-30-45-60-75,False
239,../model_weights/contour_model_weights/alexnet-random-nodata-notask_frozen_broad/model_alexnet-random-nodata-notask_layer_classifier-6_mode_frozen.pt,0.09187515924465425,[0.515  0.5    0.47   0.4925 0.4925],alexnet-random_nodata_notask,classifier.6,0-15-30-45-60-75,False
240,../model_weights/contour_model_weights/alexnet-random-nodata-notask_frozen_broad/model_alexnet-random-nodata-notask_layer_features-1_mode_frozen.pt,-0.09744371297081728,[0.52   0.5125 0.4875 0.52   0.56  ],alexnet-random_nodata_notask,features.1,0-15-30-45-60-75,False
241,../model_weights/contour_model_weights/alexnet-random-nodata-notask_frozen_broad/model_alexnet-random-nodata-notask_layer_classifier-3_mode_frozen.pt,0.04705308740171226,[0.5025 0.52   0.51   0.4925 0.5025],alexnet-random_nodata_notask,classifier.3,0-15-30-45-60-75,False
242,../model_weights/contour_model_weights/alexnet-random-nodata-notask_frozen_broad/model_alexnet-random-nodata-notask_layer_features-7_mode_frozen.pt,0.2535670841761706,[0.6475 0.525  0.5    0.5075 0.5175],alexnet-random_nodata_notask,features.7,0-15-30-45-60-75,False
243,../model_weights/contour_model_weights/alexnet-random-nodata-notask_frozen_broad/model_alexnet-random-nodata-notask_layer_classifier-5_mode_frozen.pt,0.0012710152878195424,[0.5    0.505  0.49   0.4975 0.5025],alexnet-random_nodata_notask,classifier.5,0-15-30-45-60-75,False
244,../model_weights/contour_model_weights/alexnet-random-nodata-notask_frozen_broad/model_alexnet-random-nodata-notask_layer_classifier-0_mode_frozen.pt,0.022819669465518933,[0.5425 0.5    0.49   0.5125 0.495 ],alexnet-random_nodata_notask,classifier.0,0-15-30-45-60-75,False
245,../model_weights/contour_model_weights/alexnet-random-nodata-notask_frozen_broad/model_alexnet-random-nodata-notask_layer_classifier-2_mode_frozen.pt,-0.03079793935321066,[0.4925 0.5225 0.5    0.5175 0.5025],alexnet-random_nodata_notask,classifier.2,0-15-30-45-60-75,False
246,../model_weights/contour_model_weights/alexnet-random-nodata-notask_frozen_broad/model_alexnet-random-nodata-notask_layer_features-3_mode_frozen.pt,0.08831660963482002,[0.625  0.495  0.5425 0.55   0.5775],alexnet-random_nodata_notask,features.3,0-15-30-45-60-75,False
247,../model_weights/contour_model_weights/alexnet-random-nodata-notask_frozen_broad/model_alexnet-random-nodata-notask_layer_features-12_mode_frozen.pt,0.23461508948516888,[0.565  0.51   0.4975 0.4975 0.485 ],alexnet-random_nodata_notask,features.12,0-15-30-45-60-75,False
248,../model_weights/contour_model_weights/alexnet-random-nodata-notask_frozen_broad/model_alexnet-random-nodata-notask_layer_avgpool_mode_frozen.pt,0.07027370208406163,[0.5225 0.525  0.5225 0.5125 0.4525],alexnet-random_nodata_notask,avgpool,0-15-30-45-60-75,False
249,../model_weights/contour_model_weights/alexnet-random-nodata-notask_frozen_broad/model_alexnet-random-nodata-notask_layer_features-4_mode_frozen.pt,0.12788118459064812,[0.635  0.5    0.5325 0.5225 0.555 ],alexnet-random_nodata_notask,features.4,0-15-30-45-60-75,False
250,../model_weights/contour_model_weights/alexnet-random-nodata-notask_frozen_broad/model_alexnet-random-nodata-notask_layer_features-2_mode_frozen.pt,0.05433334014829758,[0.63   0.4925 0.52   0.535  0.5525],alexnet-random_nodata_notask,features.2,0-15-30-45-60-75,False
251,../model_weights/contour_model_weights/alexnet-random-nodata-notask_frozen_broad/model_alexnet-random-nodata-notask_layer_features-6_mode_frozen.pt,0.2595488055528141,[0.6525 0.5225 0.5    0.5075 0.5325],alexnet-random_nodata_notask,features.6,0-15-30-45-60-75,False
252,../model_weights/contour_model_weights/alexnet-random-nodata-notask_frozen_broad/model_alexnet-random-nodata-notask_layer_features-9_mode_frozen.pt,0.28306139417483417,[0.6425 0.5175 0.49   0.5175 0.52  ],alexnet-random_nodata_notask,features.9,0-15-30-45-60-75,False
